<!DOCTYPE hibernate-mapping PUBLIC "-//Hibernate/Hibernate Mapping DTD 3.0//EN" 
"http://hibernate.sourceforge.net/hibernate-mapping-3.0.dtd">  
<hibernate-mapping>
<class name="p.Emp1" table="Empinh3" >
<id name="id" column="id">
</id>

<property name="ename" column="Name"/>


<union-subclass name="p.ReqEmp">
<property name="sal" column="Salary" length="10"/>
<property name="bonus"  column="Bonus" length="10"/>
</union-subclass>

<union-subclass name="p.ConEmp">
<property name="pay" column="Pay" length="10" />
<property name="period"  column="Period" length="10"/>
</union-subclass>

</class>
</hibernate-mapping>
