<?xml version="1.0" encoding="UTF-8"?>
<beans  
    xmlns="http://www.springframework.org/schema/beans"  
    xmlns:xsi="http://www.w3.org/2001/XMLSchema-instance"  
    xmlns:p="http://www.springframework.org/schema/p"  
    xsi:schemaLocation="http://www.springframework.org/schema/beans  
               http://www.springframework.org/schema/beans/spring-beans-3.0.xsd">  
               
<bean id="a1" class = "p.Answers">
<property name="id" value="1" />
<property name="name" value="programming lang" />
<property name="by" value="abc" />
</bean>   

<bean id="a2" class = "p.Answers">
<property name="id" value="2" />
<property name="name" value="OOPS based" />
<property name="by" value="sr" />
</bean>     

        
<bean id="q1" class="p.Quest">  
<property name="id" value="1" />
<property name="q" value="What is Java?" />
<property name="ans">
<list>
<ref bean="a1" />
<ref bean="a2" />
</list>
</property>
</bean>  
  
</beans>  