<!DOCTYPE hibernate-mapping PUBLIC "-//Hibernate/Hibernate Mapping DTD 3.0//EN" 
"http://hibernate.sourceforge.net/hibernate-mapping-3.0.dtd">  
<hibernate-mapping>
<class name="p.Emp1" table="Empinh2" >
<id name="id">
<generator class="assigned"></generator>
</id>

<property name="ename"/>

<joined-subclass name="p.ReqEmp" table="RegEmp3">
<key column="dummy1"></key>
<property name="sal"/>
<property name="bonus"/>
</joined-subclass>

<joined-subclass name="p.ConEmp" table="ConEmp3">
<key column="dummy1"></key>
<property name="pay"/>
<property name="period"/>
</joined-subclass>

</class>
</hibernate-mapping>
