<!DOCTYPE hibernate-mapping PUBLIC "-//Hibernate/Hibernate Mapping DTD 3.0//EN" 
"http://hibernate.sourceforge.net/hibernate-mapping-3.0.dtd">  
<hibernate-mapping>
<class name="p.Teacher" table="teacher2" discriminator-value ="teacher">
<id name="tid">
<generator class="assigned"></generator>
</id>

<discriminator column="type" type="string"></discriminator>
<property name="tname"/>
<property name="dept"/>

<subclass name="p.Dept" discriminator-value="department">
<property name="did"/>
<property name="dname"/>
</subclass>

<subclass name="p.Course" discriminator-value="course">
<property name="cid"/>
<property name="cname"/>
</subclass>

</class>
</hibernate-mapping>
