<!DOCTYPE hibernate-mapping PUBLIC "-//Hibernate/Hibernate Mapping DTD 3.0//EN" 
"http://hibernate.sourceforge.net/hibernate-mapping-3.0.dtd">  
<hibernate-mapping>
<class name="p.Emp1" table="Empinh1" discriminator-value ="emp">
<id name="id">
<generator class="assigned"></generator>
</id>

<discriminator column="type" type="string"></discriminator>
<property name="ename"/>

<subclass name="p.ReqEmp" discriminator-value="reg_emp">
<property name="sal"/>
<property name="bonus"/>
</subclass>

<subclass name="p.ConEmp" discriminator-value="con_emp">
<property name="pay"/>
<property name="period"/>
</subclass>

</class>
</hibernate-mapping>
